COMPANY_ID,ID,VALUE,DATE_ID
aav,01,8230000000,20190331
aav,02,874000000,20190331
aav,05,-120000000,20190331
aav,06,646000000,20190331
aav,08,9630000000,20190331
aav,09,-27000000000,20190331
aav,10,-5400000000,20190331
aav,11,19500000000,20190331
aav,12,243000000,20190331
aav,14,-660000000,20190331
aav,15,-7200000000,20190331
aav,20,-11000000000,20190331
aav,21,-650000000,20190331
aav,27,23991679,20190331
aav,30,-620000000,20190331
aav,31,-45000000,20190331
aav,33,21500000000,20190331
aav,34,-23000000000,20190331
aav,40,-1300000000,20190331
aav,50,-13000000000,20190331
aav,60,19700000000,20190331
aav,70,6500000000,20190331
aav,01,5800000000,20200331
aav,02,1890000000,20200331
aav,05,-560000000,20200331
aav,06,1170000000,20200331
aav,08,8300000000,20200331
aav,09,-21000000000,20200331
aav,10,-5500000000,20200331
aav,11,-1400000000,20200331
aav,12,87192273,20200331
aav,14,-1200000000,20200331
aav,15,-2800000000,20200331
aav,20,-23000000000,20200331
aav,27,59875774,20200331
aav,30,59875774,20200331
aav,33,32900000000,20200331
aav,34,-27000000000,20200331
aav,50,-17000000000,20200331
aav,60,19800000000,20200331
aav,70,2600000000,20200331
aav,01,7130000000,20210331
aav,02,1860000000,20210331
aav,03,-660000000,20210331
aav,05,-670000000,20210331
aav,06,909000000,20210331
aav,08,8570000000,20210331
aav,09,5120000000,20210331
aav,10,58415647,20210331
aav,11,2180000000,20210331
aav,12,37381156,20210331
aav,14,-910000000,20210331
aav,15,-3000000000,20210331
aav,20,12100000000,20210331
aav,21,-7500000000,20210331
aav,27,2530000000,20210331
aav,30,-5000000000,20210331
aav,33,35500000000,20210331
aav,34,-39000000000,20210331
aav,36,-2400000000,20210331
aav,40,-6100000000,20210331
aav,50,946000000,20210331
aav,60,3020000000,20210331
aav,70,3970000000,20210331
aav,01,1200000000,20220331
aav,02,2640000000,20220331
aav,05,-490000000,20220331
aav,06,767000000,20220331
aav,08,4120000000,20220331
aav,09,-31000000000,20220331
aav,10,-130000000,20220331
aav,11,13700000000,20220331
aav,12,-220000000,20220331
aav,14,-830000000,20220331
aav,15,-180000000,20220331
aav,20,-14000000000,20220331
aav,27,494000000,20220331
aav,30,494000000,20220331
aav,33,57900000000,20220331
aav,34,-43000000000,20220331
aav,40,15400000000,20220331
aav,50,1450000000,20220331
aav,60,2210000000,20220331
aav,70,3660000000,20220331
aav,01,-3300000000,20230331
aav,02,2650000000,20230331
aav,05,-930000000,20230331
aav,06,2510000000,20230331
aav,08,959000000,20230331
aav,09,15700000000,20230331
aav,10,-190730,20230331
aav,11,-14000000000,20230331
aav,12,12800000000,20230331
aav,14,-2500000000,20230331
aav,15,-450000000,20230331
aav,20,12800000000,20230331
aav,23,-13000000000,20230331
aav,24,4000000000,20230331
aav,27,40932565,20230331
aav,30,-9400000000,20230331
aav,33,77400000000,20230331
aav,34,-77000000000,20230331
aav,40,8477586,20230331
aav,50,3390000000,20230331
aav,60,2440000000,20230331
aav,70,5840000000,20230331
aav,01,19300000000,20190630
aav,02,1760000000,20190630
aav,05,-1300000000,20190630
aav,06,1960000000,20190630
aav,08,21800000000,20190630
aav,09,-110000000000,20190630
aav,10,-86000000,20190630
aav,11,-2900000000,20190630
aav,12,430000000,20190630
aav,14,-1900000000,20190630
aav,15,-6800000000,20190630
aav,20,-96000000000,20190630
aav,21,-1300000000,20190630
aav,25,-80000000000,20190630
aav,27,1090000000,20190630
aav,30,-80000000000,20190630
aav,31,175000000000,20190630
aav,33,59000000000,20190630
aav,34,-50000000000,20190630
aav,36,-6600000000,20190630
aav,40,177000000000,20190630
aav,50,1460000000,20190630
aav,60,32000000000,20190630
aav,70,33500000000,20190630
aav,01,10500000000,20200630
aav,02,3780000000,20200630
aav,05,-1200000000,20200630
aav,06,2300000000,20200630
aav,08,15400000000,20200630
aav,09,-46000000000,20200630
aav,10,-7500000000,20200630
aav,11,16000000000,20200630
aav,12,1741324,20200630
aav,14,-2300000000,20200630
aav,15,-2800000000,20200630
aav,20,-28000000000,20200630
aav,27,1050000000,20200630
aav,30,1050000000,20200630
aav,40,8840000000,20200630
aav,50,-18000000000,20200630
aav,60,19800000000,20200630
aav,70,2140000000,20200630
aav,01,24900000000,20210630
aav,02,3860000000,20210630
aav,03,-6000000000,20210630
aav,04,122826,20210630
aav,05,-1300000000,20210630
aav,06,1840000000,20210630
aav,08,23300000000,20210630
aav,09,32200000000,20210630
aav,10,-1300000000,20210630
aav,11,-13000000000,20210630
aav,12,-290000000,20210630
aav,14,-1900000000,20210630
aav,15,-3100000000,20210630
aav,20,35600000000,20210630
aav,21,-8300000000,20210630
aav,22,100000000,20210630
aav,24,2180000000,20210630
aav,27,4690000000,20210630
aav,30,-1300000000,20210630
aav,33,63100000000,20210630
aav,34,-83000000000,20210630
aav,36,-2400000000,20210630
aav,40,-23000000000,20210630
aav,50,11600000000,20210630
aav,60,3020000000,20210630
aav,61,-122826,20210630
aav,70,14600000000,20210630
aav,01,10100000000,20220630
aav,02,5290000000,20220630
aav,03,1180000000,20220630
aav,05,-1000000000,20220630
aav,06,2470000000,20220630
aav,08,18000000000,20220630
aav,09,-84000000000,20220630
aav,10,-8600000000,20220630
aav,11,5220000000,20220630
aav,12,309000000,20220630
aav,14,-2500000000,20220630
aav,15,-180000000,20220630
aav,20,-72000000000,20220630
aav,21,-500000000,20220630
aav,27,1000000000,20220630
aav,30,506000000,20220630
aav,33,132000000000,20220630
aav,34,-60000000000,20220630
aav,40,71500000000,20220630
aav,50,33836290,20220630
aav,60,2210000000,20220630
aav,70,2250000000,20220630
aav,01,-8200000000,20230630
aav,02,5310000000,20230630
aav,05,47820404,20230630
aav,06,686000000,20230630
aav,07,-180000000,20230630
aav,08,-2400000000,20230630
aav,09,-32000000000,20230630
aav,10,30859387,20230630
aav,11,-5200000000,20230630
aav,12,13000000000,20230630
aav,14,-590000000,20230630
aav,15,-500000000,20230630
aav,20,-28000000000,20230630
aav,23,-240000000,20230630
aav,24,1240000000,20230630
aav,26,38400000000,20230630
aav,27,9730000000,20230630
aav,30,49100000000,20230630
aav,33,8000000000,20230630
aav,34,-13000000000,20230630
aav,40,-5000000000,20230630
aav,50,16500000000,20230630
aav,60,2440000000,20230630
aav,70,18900000000,20230630
aav,01,31800000000,20190930
aav,02,2670000000,20190930
aav,05,-1400000000,20190930
aav,06,3010000000,20190930
aav,08,36100000000,20190930
aav,09,-130000000000,20190930
aav,10,-830000000,20190930
aav,11,24100000000,20190930
aav,12,552000000,20190930
aav,14,-3000000000,20190930
aav,15,-6500000000,20190930
aav,20,-77000000000,20190930
aav,21,-1300000000,20190930
aav,25,-72000000000,20190930
aav,27,213000000,20190930
aav,30,-74000000000,20190930
aav,31,175000000000,20190930
aav,33,85100000000,20190930
aav,34,-80000000000,20190930
aav,36,-34000000000,20190930
aav,40,146000000000,20190930
aav,50,-4800000000,20190930
aav,60,19700000000,20190930
aav,70,14900000000,20190930
aav,01,11500000000,20200930
aav,02,5670000000,20200930
aav,03,-130000000,20200930
aav,05,-1700000000,20200930
aav,06,3430000000,20200930
aav,08,18700000000,20200930
aav,09,-37000000000,20200930
aav,10,-9000000000,20200930
aav,11,6170000000,20200930
aav,12,171000000,20200930
aav,14,-3500000000,20200930
aav,15,-3100000000,20200930
aav,20,-28000000000,20200930
aav,21,-260000000,20200930
aav,27,1290000000,20200930
aav,30,1030000000,20200930
aav,33,118000000000,20200930
aav,34,-110000000000,20200930
aav,40,11000000000,20200930
aav,50,-16000000000,20200930
aav,60,19800000000,20200930
aav,70,3900000000,20200930
aav,01,38100000000,20210930
aav,02,5900000000,20210930
aav,03,-5900000000,20210930
aav,05,-1900000000,20210930
aav,06,2590000000,20210930
aav,08,38800000000,20210930
aav,09,-2300000000,20210930
aav,10,-1200000000,20210930
aav,11,-830000000,20210930
aav,12,-200000000,20210930
aav,14,-2700000000,20210930
aav,15,-3100000000,20210930
aav,20,28400000000,20210930
aav,21,-8300000000,20210930
aav,24,5530000000,20210930
aav,27,5050000000,20210930
aav,30,2280000000,20210930
aav,31,76300000000,20210930
aav,33,76300000000,20210930
aav,34,-97000000000,20210930
aav,36,-2400000000,20210930
aav,40,-23000000000,20210930
aav,50,8020000000,20210930
aav,60,3020000000,20210930
aav,70,11000000000,20210930
aav,01,14400000000,20220930
aav,02,7940000000,20220930
aav,03,795000000,20220930
aav,05,-920000000,20220930
aav,06,2410000000,20220930
aav,08,24600000000,20220930
aav,09,-91000000000,20220930
aav,10,-7800000000,20220930
aav,11,5710000000,20220930
aav,12,679000000,20220930
aav,14,-2400000000,20220930
aav,15,-180000000,20220930
aav,20,-71000000000,20220930
aav,21,-500000000,20220930
aav,27,915000000,20220930
aav,30,419000000,20220930
aav,33,169000000000,20220930
aav,34,-99000000000,20220930
aav,36,-1800000000,20220930
aav,40,68700000000,20220930
aav,50,-1700000000,20220930
aav,60,2210000000,20220930
aav,70,516000000,20220930
aav,01,39600000000,20191231
aav,02,3580000000,20191231
aav,03,919000000,20191231
aav,05,-2100000000,20191231
aav,06,4230000000,20191231
aav,08,46200000000,20191231
aav,09,-97000000000,20191231
aav,10,-4500000000,20191231
aav,11,-11000000000,20191231
aav,12,518000000,20191231
aav,14,-4200000000,20191231
aav,15,-13000000000,20191231
aav,20,-82000000000,20191231
aav,21,-1300000000,20191231
aav,25,-72000000000,20191231
aav,27,2130000000,20191231
aav,30,-72000000000,20191231
aav,31,175000000000,20191231
aav,33,137000000000,20191231
aav,34,-120000000000,20191231
aav,36,-34000000000,20191231
aav,40,154000000000,20191231
aav,50,87325251,20191231
aav,60,19700000000,20191231
aav,70,19800000000,20191231
aav,01,17800000000,20201231
aav,02,7550000000,20201231
aav,03,10300000000,20201231
aav,04,-225708,20201231
aav,05,-84000000000,20201231
aav,06,4570000000,20201231
aav,08,26500000000,20201231
aav,09,-18000000000,20201231
aav,10,-12000000000,20201231
aav,11,-14000000000,20201231
aav,12,248000000,20201231
aav,14,-4600000000,20201231
aav,15,-3100000000,20201231
aav,20,-25000000000,20201231
aav,21,-4300000000,20201231
aav,27,1340000000,20201231
aav,30,-3000000000,20201231
aav,33,177000000000,20201231
aav,34,-170000000000,20201231
aav,40,11600000000,20201231
aav,50,-17000000000,20201231
aav,60,19800000000,20201231
aav,61,225708,20201231
aav,70,3020000000,20201231
aav,01,38600000000,20211231
aav,02,11900000000,20211231
aav,03,-590000000,20211231
aav,05,-7000000000,20211231
aav,06,3510000000,20211231
aav,08,46400000000,20211231
aav,09,-320000000000,20211231
aav,10,14700000000,20211231
aav,11,-43000000000,20211231
aav,12,-15000000000,20211231
aav,14,-3500000000,20211231
aav,15,-11000000000,20211231
aav,20,-330000000000,20211231
aav,21,-850000000,20211231
aav,22,101000000,20211231
aav,24,26300000000,20211231
aav,25,-95000000000,20211231
aav,27,11100000000,20211231
aav,30,-58000000000,20211231
aav,31,409000000000,20211231
aav,33,109000000000,20211231
aav,34,-130000000000,20211231
aav,36,-3400000000,20211231
aav,40,386000000000,20211231
aav,50,-810000000,20211231
aav,60,3020000000,20211231
aav,70,2210000000,20211231
aav,01,6930000000,20221231
aav,02,10600000000,20221231
aav,03,4340000000,20221231
aav,05,-57000000,20221231
aav,06,6680000000,20221231
aav,08,28500000000,20221231
aav,09,-44000000000,20221231
aav,10,-5000000000,20221231
aav,11,10600000000,20221231
aav,12,865000000,20221231
aav,14,-6600000000,20221231
aav,15,-180000000,20221231
aav,20,-16000000000,20221231
aav,21,-500000000,20221231
aav,23,-54000000000,20221231
aav,27,180000000,20221231
aav,30,-55000000000,20221231
aav,31,23300000000,20221231
aav,33,244000000000,20221231
aav,34,-170000000000,20221231
aav,36,-25000000000,20221231
aav,40,70600000000,20221231
aav,50,229000000,20221231
aav,60,2210000000,20221231
aav,70,2440000000,20221231
aav,01,-17000000000,20231231
aav,02,10600000000,20231231
aav,03,1250000000,20231231
aav,05,10700000000,20231231
aav,06,836000000,20231231
aav,07,-1100000000,20231231
aav,08,5190000000,20231231
aav,09,19400000000,20231231
aav,10,-67000000000,20231231
aav,11,1720000000,20231231
aav,12,13200000000,20231231
aav,14,-640000000,20231231
aav,15,-500000000,20231231
aav,20,-28000000000,20231231
aav,21,-11000000000,20231231
aav,23,-240000000,20231231
aav,24,1240000000,20231231
aav,26,38400000000,20231231
aav,27,57098310,20231231
aav,30,39500000000,20231231
aav,33,8000000000,20231231
aav,34,-21000000000,20231231
aav,36,-1800000000,20231231
aav,40,-13000000000,20231231
aav,50,-2000000000,20231231
aav,60,2440000000,20231231
aav,70,437000000,20231231
bcm,01,700000000000,20190331
bcm,02,54000000000,20190331
bcm,03,-30000000,20190331
bcm,04,568800,20190331
bcm,05,-470000000000,20190331
bcm,06,182000000000,20190331
bcm,07,-55000000000,20190331
bcm,08,416000000000,20190331
bcm,09,822000000000,20190331
bcm,10,-630000000000,20190331
bcm,11,11700000000,20190331
bcm,12,11500000000,20190331
bcm,14,-140000000000,20190331
bcm,15,-130000000000,20190331
bcm,16,27500000000,20190331
bcm,17,-410000000000,20190331
bcm,20,-14000000000,20190331
bcm,21,-33000000000,20190331
bcm,22,26109945,20190331
bcm,23,-150000000000,20190331
bcm,24,93000000000,20190331
bcm,27,101000000000,20190331
bcm,30,13000000000,20190331
bcm,31,32400000000,20190331
bcm,33,1250000000000,20190331
bcm,34,-1200000000000,20190331
bcm,40,111000000000,20190331
bcm,50,110000000000,20190331
bcm,60,2580000000000,20190331
bcm,61,-568800,20190331
bcm,70,2690000000000,20190331
bcm,01,364000000000,20200331
bcm,02,58000000000,20200331
bcm,03,-18000000,20200331
bcm,04,176923,20200331
bcm,05,-4000000000,20200331
bcm,06,132000000000,20200331
bcm,08,550000000000,20200331
bcm,09,401000000000,20200331
bcm,10,-670000000000,20200331
bcm,12,-4400000000,20200331
bcm,14,-210000000000,20200331
bcm,15,-110000000000,20200331
bcm,16,928000000,20200331
bcm,17,-22000000000,20200331
bcm,20,64000000000,20200331
bcm,21,-33000000000,20200331
bcm,23,-95000000000,20200331
bcm,24,86000000000,20200331
bcm,27,48200000000,20200331
bcm,30,6840000000,20200331
bcm,33,791000000000,20200331
bcm,34,-960000000000,20200331
bcm,36,-770000000,20200331
bcm,40,-170000000000,20200331
bcm,50,-96000000000,20200331
bcm,60,417000000000,20200331
bcm,61,-176923,20200331
bcm,70,320000000000,20200331
bcm,01,508000000000,20210331
bcm,02,46300000000,20210331
bcm,03,644000000,20210331
bcm,05,-44000000000,20210331
bcm,06,153000000000,20210331
bcm,08,664000000000,20210331
bcm,09,1170000000000,20210331
bcm,10,-820000000000,20210331
bcm,11,-34000000000,20210331
bcm,12,12300000000,20210331
bcm,14,-370000000000,20210331
bcm,15,-160000000000,20210331
bcm,16,23400000000,20210331
bcm,17,-28000000000,20210331
bcm,20,457000000000,20210331
bcm,21,-56000000000,20210331
bcm,23,-30000000000,20210331
bcm,25,-30000000000,20210331
bcm,27,38600000000,20210331
bcm,30,-77000000000,20210331
bcm,31,9950000000,20210331
bcm,32,15900000000,20210331
bcm,33,1130000000000,20210331
bcm,34,-960000000000,20210331
bcm,36,-54000000,20210331
bcm,40,194000000000,20210331
bcm,50,574000000000,20210331
bcm,60,1780000000000,20210331
bcm,70,2350000000000,20210331
bcm,01,468000000000,20220331
bcm,02,43900000000,20220331
bcm,03,-210000000,20220331
bcm,05,-35000000000,20220331
bcm,06,253000000000,20220331
bcm,08,730000000000,20220331
bcm,09,1260000000000,20220331
bcm,10,-610000000000,20220331
bcm,11,815000000000,20220331
bcm,12,-5700000000,20220331
bcm,14,-410000000000,20220331
bcm,15,-61000000000,20220331
bcm,16,556000000,20220331
bcm,17,-35000000000,20220331
bcm,20,1680000000000,20220331
bcm,21,-16000000000,20220331
bcm,22,437000000,20220331
bcm,23,-22000000000,20220331
bcm,24,6000000000,20220331
bcm,25,-59000000000,20220331
bcm,27,23900000000,20220331
bcm,30,-67000000000,20220331
bcm,33,728000000000,20220331
bcm,34,-1300000000000,20220331
bcm,36,-960000000,20220331
bcm,40,-590000000000,20220331
bcm,50,1020000000000,20220331
bcm,60,2980000000000,20220331
bcm,70,4010000000000,20220331
bcm,01,79100000000,20230331
bcm,02,50900000000,20230331
bcm,05,-61000000000,20230331
bcm,06,191000000000,20230331
bcm,08,260000000000,20230331
bcm,09,-350000000000,20230331
bcm,10,-480000000000,20230331
bcm,11,-90000000000,20230331
bcm,12,-40000000000,20230331
bcm,14,-470000000000,20230331
bcm,15,-50000000000,20230331
bcm,17,-18000000000,20230331
bcm,20,-1200000000000,20230331
bcm,21,-29000000000,20230331
bcm,22,-99000000,20230331
bcm,23,-37000000000,20230331
bcm,24,70800000000,20230331
bcm,27,2880000000,20230331
bcm,30,7610000000,20230331
bcm,33,1330000000000,20230331
bcm,34,-740000000000,20230331
bcm,36,-28000000,20230331
bcm,40,596000000000,20230331
bcm,50,-630000000000,20230331
bcm,60,1070000000000,20230331
bcm,70,436000000000,20230331
bcm,01,1520000000000,20190630
bcm,02,104000000000,20190630
bcm,03,-740000000,20190630
bcm,04,568800,20190630
bcm,05,-550000000000,20190630
bcm,06,371000000000,20190630
bcm,08,1450000000000,20190630
bcm,09,1080000000000,20190630
bcm,10,-1600000000000,20190630
bcm,11,472000000000,20190630
bcm,12,26000000000,20190630
bcm,14,-550000000000,20190630
bcm,15,-230000000000,20190630
bcm,16,2530000000,20190630
bcm,17,-46000000000,20190630
bcm,20,583000000000,20190630
bcm,21,-49000000000,20190630
bcm,22,4920000000,20190630
bcm,23,-340000000000,20190630
bcm,24,280000000000,20190630
bcm,26,4480000000,20190630
bcm,27,143000000000,20190630
bcm,30,48000000000,20190630
bcm,33,2080000000000,20190630
bcm,34,-2700000000000,20190630
bcm,35,282000000,20190630
bcm,36,-37000000000,20190630
bcm,40,-650000000000,20190630
bcm,50,-17000000000,20190630
bcm,60,2580000000000,20190630
bcm,61,-568800,20190630
bcm,70,2560000000000,20190630
bcm,01,640000000000,20200630
bcm,02,116000000000,20200630
bcm,03,28500000000,20200630
bcm,04,176923,20200630
bcm,05,-100000000000,20200630
bcm,06,283000000000,20200630
bcm,08,966000000000,20200630
bcm,09,-110000000000,20200630
bcm,10,-1200000000000,20200630
bcm,11,1260000000000,20200630
bcm,12,776000000,20200630
bcm,14,-700000000000,20200630
bcm,15,-110000000000,20200630
bcm,16,2670000000,20200630
bcm,17,-43000000000,20200630
bcm,20,51700000000,20200630
bcm,21,-70000000000,20200630
bcm,22,337000000,20200630
bcm,23,-120000000000,20200630
bcm,24,322000000000,20200630
bcm,26,2000000000,20200630
bcm,27,53700000000,20200630
bcm,30,189000000000,20200630
bcm,33,2790000000000,20200630
bcm,34,-3000000000000,20200630
bcm,36,1700000000,20200630
bcm,40,-230000000000,20200630
bcm,50,7620000000,20200630
bcm,60,417000000000,20200630
bcm,61,-176923,20200630
bcm,70,424000000000,20200630
bcm,01,1050000000000,20210630
bcm,02,92400000000,20210630
bcm,03,-3000000000,20210630
bcm,05,-110000000000,20210630
bcm,06,310000000000,20210630
bcm,08,1340000000000,20210630
bcm,09,704000000000,20210630
bcm,10,-2200000000000,20210630
bcm,11,492000000000,20210630
bcm,12,17400000000,20210630
bcm,14,-680000000000,20210630
bcm,15,-190000000000,20210630
bcm,16,159000000,20210630
bcm,17,-31000000000,20210630
bcm,20,-570000000000,20210630
bcm,21,-56000000000,20210630
bcm,22,4460000000,20210630
bcm,23,-40000000000,20210630
bcm,24,11900000000,20210630
bcm,25,-30000000000,20210630
bcm,27,94000000000,20210630
bcm,30,-16000000000,20210630
bcm,31,60200000000,20210630
bcm,32,-16000000000,20210630
bcm,33,5000000000000,20210630
bcm,34,-2900000000000,20210630
bcm,36,-7600000000,20210630
bcm,40,2160000000000,20210630
bcm,50,1580000000000,20210630
bcm,60,1780000000000,20210630
bcm,70,3350000000000,20210630
bcm,01,892000000000,20220630
bcm,02,53600000000,20220630
bcm,05,-100000000000,20220630
bcm,06,313000000000,20220630
bcm,08,1160000000000,20220630
bcm,09,864000000000,20220630
bcm,10,-360000000000,20220630
bcm,11,-120000000000,20220630
bcm,12,10300000000,20220630
bcm,14,-680000000000,20220630
bcm,15,-87000000000,20220630
bcm,17,-45000000000,20220630
bcm,20,742000000000,20220630
bcm,21,-33000000000,20220630
bcm,22,1420000000,20220630
bcm,25,-750000000000,20220630
bcm,27,99800000000,20220630
bcm,30,-680000000000,20220630
bcm,33,1680000000000,20220630
bcm,34,-2500000000000,20220630
bcm,36,-608000,20220630
bcm,40,-790000000000,20220630
bcm,50,-730000000000,20220630
bcm,60,2700000000000,20220630
bcm,70,1970000000000,20220630
bcm,01,1990000000000,20190930
bcm,02,168000000000,20190930
bcm,03,-93000000,20190930
bcm,04,568800,20190930
bcm,05,-870000000000,20190930
bcm,06,527000000000,20190930
bcm,08,1820000000000,20190930
bcm,09,1260000000000,20190930
bcm,10,-1800000000000,20190930
bcm,11,218000000000,20190930
bcm,12,46400000000,20190930
bcm,14,-1200000000000,20190930
bcm,15,-330000000000,20190930
bcm,16,3870000000,20190930
bcm,17,-78000000000,20190930
bcm,20,-24000000000,20190930
bcm,21,-93000000000,20190930
bcm,22,2640000000,20190930
bcm,23,-580000000000,20190930
bcm,24,418000000000,20190930
bcm,25,-210000000000,20190930
bcm,26,887000000000,20190930
bcm,27,373000000000,20190930
bcm,30,795000000000,20190930
bcm,31,193000000000,20190930
bcm,33,4440000000000,20190930
bcm,34,-6400000000000,20190930
bcm,36,-560000000000,20190930
bcm,40,-2300000000000,20190930
bcm,50,-1500000000000,20190930
bcm,60,2580000000000,20190930
bcm,61,-568800,20190930
bcm,70,1070000000000,20190930
bcm,01,1420000000000,20200930
bcm,02,177000000000,20200930
bcm,03,23800000000,20200930
bcm,05,-230000000000,20200930
bcm,06,385000000000,20200930
bcm,08,1780000000000,20200930
bcm,09,675000000000,20200930
bcm,10,-500000000000,20200930
bcm,11,-390000000000,20200930
bcm,12,23100000000,20200930
bcm,14,-940000000000,20200930
bcm,15,-190000000000,20200930
bcm,16,2880000000,20200930
bcm,17,-57000000000,20200930
bcm,20,400000000000,20200930
bcm,21,-140000000000,20200930
bcm,22,621000000,20200930
bcm,23,-100000000000,20200930
bcm,24,387000000000,20200930
bcm,25,-13000000000,20200930
bcm,26,2000000000,20200930
bcm,27,61200000000,20200930
bcm,30,189000000000,20200930
bcm,33,5080000000000,20200930
bcm,34,-4000000000000,20200930
bcm,36,-31000000000,20200930
bcm,40,1020000000000,20200930
bcm,50,1610000000000,20200930
bcm,60,417000000000,20200930
bcm,61,-933378,20200930
bcm,70,2030000000000,20200930
bcm,01,1130000000000,20210930
bcm,02,142000000000,20210930
bcm,03,-3000000000,20210930
bcm,05,-390000000000,20210930
bcm,06,475000000000,20210930
bcm,08,1360000000000,20210930
bcm,09,606000000000,20210930
bcm,10,-1900000000000,20210930
bcm,11,-37000000000,20210930
bcm,12,24000000000,20210930
bcm,14,-1000000000000,20210930
bcm,15,-260000000000,20210930
bcm,16,1660000000,20210930
bcm,17,-34000000000,20210930
bcm,20,-1300000000000,20210930
bcm,21,-12000000000,20210930
bcm,22,5640000000,20210930
bcm,23,-72000000000,20210930
bcm,24,17900000000,20210930
bcm,25,-160000000000,20210930
bcm,27,274000000000,20210930
bcm,30,53400000000,20210930
bcm,31,60200000000,20210930
bcm,32,-16000000000,20210930
bcm,33,7480000000000,20210930
bcm,34,-4800000000000,20210930
bcm,36,-480000000000,20210930
bcm,40,2240000000000,20210930
bcm,50,1040000000000,20210930
bcm,60,1780000000000,20210930
bcm,70,2810000000000,20210930
bcm,01,1900000000000,20220930
bcm,02,139000000000,20220930
bcm,03,-9100000000,20220930
bcm,05,-290000000000,20220930
bcm,06,624000000000,20220930
bcm,07,-28000000000,20220930
bcm,08,2340000000000,20220930
bcm,09,-180000000000,20220930
bcm,10,-95000000000,20220930
bcm,11,189000000000,20220930
bcm,12,-5800000000,20220930
bcm,14,-1300000000000,20220930
bcm,15,-130000000000,20220930
bcm,16,900000,20220930
bcm,17,-86000000000,20220930
bcm,20,772000000000,20220930
bcm,21,-91000000000,20220930
bcm,22,74700000000,20220930
bcm,23,-140000000000,20220930
bcm,24,62900000000,20220930
bcm,25,-740000000000,20220930
bcm,27,154000000000,20220930
bcm,30,-680000000000,20220930
bcm,33,2950000000000,20220930
bcm,34,-4400000000000,20220930
bcm,36,-2700000000,20220930
bcm,40,-1500000000000,20220930
bcm,50,-1400000000000,20220930
bcm,60,2980000000000,20220930
bcm,70,1580000000000,20220930
bcm,01,3020000000000,20191231
bcm,02,226000000000,20191231
bcm,03,23000000000,20191231
bcm,04,30669611,20191231
bcm,05,-1400000000000,20191231
bcm,06,682000000000,20191231
bcm,08,2580000000000,20191231
bcm,09,2620000000000,20191231
bcm,10,-3600000000000,20191231
bcm,11,1680000000000,20191231
bcm,12,64200000000,20191231
bcm,14,-740000000000,20191231
bcm,15,-360000000000,20191231
bcm,16,6370000000,20191231
bcm,17,-62000000000,20191231
bcm,20,2200000000000,20191231
bcm,21,-150000000000,20191231
bcm,22,3400000000,20191231
bcm,23,-130000000000,20191231
bcm,24,368000000000,20191231
bcm,25,-730000000000,20191231
bcm,26,505000000000,20191231
bcm,27,135000000000,20191231
bcm,30,601000000000,20191231
bcm,33,7590000000000,20191231
bcm,34,-12000000000000,20191231
bcm,36,-740000000000,20191231
bcm,40,-5000000000000,20191231
bcm,50,-2200000000000,20191231
bcm,60,2580000000000,20191231
bcm,61,-31000000,20191231
bcm,70,406000000000,20191231
bcm,01,2420000000000,20201231
bcm,02,237000000000,20201231
bcm,03,-29000000000,20201231
bcm,04,-20000000,20201231
bcm,05,-430000000000,20201231
bcm,06,514000000000,20201231
bcm,08,2710000000000,20201231
bcm,09,641000000000,20201231
bcm,10,-2000000000000,20201231
bcm,11,2750000000000,20201231
bcm,12,31300000000,20201231
bcm,14,-1400000000000,20201231
bcm,15,-250000000000,20201231
bcm,16,7780000000,20201231
bcm,17,-83000000000,20201231
bcm,20,2420000000000,20201231
bcm,21,-190000000000,20201231
bcm,22,592000000,20201231
bcm,23,-110000000000,20201231
bcm,24,419000000000,20201231
bcm,25,-1100000000000,20201231
bcm,26,2000000000,20201231
bcm,27,86700000000,20201231
bcm,30,-940000000000,20201231
bcm,33,9260000000000,20201231
bcm,34,-8900000000000,20201231
bcm,36,-460000000000,20201231
bcm,40,-110000000000,20201231
bcm,50,1370000000000,20201231
bcm,60,417000000000,20201231
bcm,61,19254515,20201231
bcm,70,1780000000000,20201231
bcm,01,1600000000000,20211231
bcm,02,186000000000,20211231
bcm,03,113000000000,20211231
bcm,05,-300000000000,20211231
bcm,06,822000000000,20211231
bcm,08,2420000000000,20211231
bcm,09,-560000000000,20211231
bcm,10,983000000000,20211231
bcm,11,-550000000000,20211231
bcm,12,32700000000,20211231
bcm,14,-1500000000000,20211231
bcm,15,-420000000000,20211231
bcm,16,2010000000,20211231
bcm,17,-43000000000,20211231
bcm,20,359000000000,20211231
bcm,21,-57000000000,20211231
bcm,22,4910000000,20211231
bcm,23,-200000000000,20211231
bcm,24,45400000000,20211231
bcm,25,-1000000000000,20211231
bcm,27,127000000000,20211231
bcm,30,-1100000000000,20211231
bcm,31,60200000000,20211231
bcm,32,-16000000000,20211231
bcm,33,9860000000000,20211231
bcm,34,-7100000000000,20211231
bcm,36,-890000000000,20211231
bcm,40,1930000000000,20211231
bcm,50,1200000000000,20211231
bcm,60,1780000000000,20211231
bcm,61,-13000000,20211231
bcm,70,2980000000000,20211231
bcm,01,1880000000000,20221231
bcm,02,190000000000,20221231
bcm,03,95600000000,20221231
bcm,04,-21000000,20221231
bcm,05,-1400000000000,20221231
bcm,06,877000000000,20221231
bcm,07,-31000000000,20221231
bcm,08,1640000000000,20221231
bcm,09,-780000000000,20221231
bcm,10,2040000000000,20221231
bcm,11,-310000000000,20221231
bcm,12,11200000000,20221231
bcm,14,-1500000000000,20221231
bcm,15,-240000000000,20221231
bcm,16,900000,20221231
bcm,17,-97000000000,20221231
bcm,20,726000000000,20221231
bcm,21,-160000000000,20221231
bcm,22,87500000000,20221231
bcm,23,-210000000000,20221231
bcm,24,140000000000,20221231
bcm,25,-740000000000,20221231
bcm,27,118000000000,20221231
bcm,30,-770000000000,20221231
bcm,31,10000000000,20221231
bcm,33,5590000000000,20221231
bcm,34,-6400000000000,20221231
bcm,36,-910000000000,20221231
bcm,40,-1700000000000,20221231
bcm,50,-1800000000000,20221231
bcm,60,2980000000000,20221231
bcm,61,20575342,20221231
bcm,70,1220000000000,20221231
bcm,01,2730000000000,20231231
bcm,02,272000000000,20231231
bcm,03,10900000000,20231231
bcm,04,-16000000,20231231
bcm,05,-290000000000,20231231
bcm,06,906000000000,20231231
bcm,08,3630000000000,20231231
bcm,09,-2400000000000,20231231
bcm,10,-1800000000000,20231231
bcm,11,-380000000000,20231231
bcm,12,23800000000,20231231
bcm,14,-1800000000000,20231231
bcm,15,-81000000000,20231231
bcm,17,-180000000000,20231231
bcm,20,-2900000000000,20231231
bcm,21,-150000000000,20231231
bcm,22,235000000,20231231
bcm,23,19800000000,20231231
bcm,24,330000000000,20231231
bcm,25,-870000000000,20231231
bcm,27,1030000000000,20231231
bcm,30,364000000000,20231231
bcm,33,9970000000000,20231231
bcm,34,-6100000000000,20231231
bcm,36,-1000000000000,20231231
bcm,40,2810000000000,20231231
bcm,50,262000000000,20231231
bcm,60,1070000000000,20231231
bcm,61,16113931,20231231
bcm,70,1330000000000,20231231
nvl,01,578000000000,20190331
nvl,02,230000000000,20190331
nvl,03,-1800000000,20190331
nvl,04,-2100000000,20190331
nvl,05,-130000000000,20190331
nvl,06,399000000000,20190331
nvl,08,1080000000000,20190331
nvl,09,-150000000000000,20190331
nvl,10,2250000000000,20190331
nvl,11,277000000000,20190331
nvl,12,70100000000,20190331
nvl,14,-470000000000,20190331
nvl,15,-520000000000,20190331
nvl,20,119000000000000,20190331
nvl,21,-20000000000,20190331
nvl,22,808000000,20190331
nvl,23,-220000000000,20190331
nvl,24,294000000000,20190331
nvl,25,-2600000000000,20190331
nvl,27,10900000000000,20190331
nvl,30,-250000000000000,20190331
nvl,31,654000000,20190331
nvl,33,1620000000000,20190331
nvl,34,-4100000000000,20190331
nvl,40,-2400000000000,20190331
nvl,50,-3700000000000,20190331
nvl,60,12300000000000,20190331
nvl,61,3850449,20190331
nvl,70,8620000000000,20190331
nvl,01,489000000000,20200331
nvl,02,244000000000,20200331
nvl,03,-2800000000,20200331
nvl,04,63200000000,20200331
nvl,05,-850000000000,20200331
nvl,06,137000000000,20200331
nvl,08,75400000000,20200331
nvl,09,-1200000000000,20200331
nvl,10,-640000000000,20200331
nvl,11,1840000000000,20200331
nvl,12,28200000000,20200331
nvl,14,-650000000000,20200331
nvl,15,-100000000000,20200331
nvl,20,-670000000000,20200331
nvl,21,-53000000000,20200331
nvl,23,-85000000000,20200331
nvl,24,113000000000,20200331
nvl,25,-3600000000000,20200331
nvl,26,1060000000000,20200331
nvl,27,56400000000,20200331
nvl,30,-2500000000000,20200331
nvl,31,46600000000,20200331
nvl,33,4730000000000,20200331
nvl,34,-4200000000000,20200331
nvl,40,582000000000,20200331
nvl,50,-2600000000000,20200331
nvl,60,6470000000000,20200331
nvl,61,631000000,20200331
nvl,70,3870000000000,20200331
nvl,01,1260000000000,20210331
nvl,02,244000000000,20210331
nvl,03,-1000000000,20210331
nvl,04,-27000000000,20210331
nvl,05,-130000000000,20210331
nvl,06,30600000000,20210331
nvl,08,1380000000000,20210331
nvl,09,-2900000000000,20210331
nvl,10,-2200000000000,20210331
nvl,11,7330000000000,20210331
nvl,12,-110000000000,20210331
nvl,14,-1500000000000,20210331
nvl,15,-180000000000,20210331
nvl,20,1810000000000,20210331
nvl,21,-12000000000,20210331
nvl,23,-3000000000000,20210331
nvl,24,1950000000000,20210331
nvl,25,-1300000000000,20210331
nvl,26,211000000000,20210331
nvl,27,58000000000,20210331
nvl,30,-2100000000000,20210331
nvl,31,4590000000000,20210331
nvl,33,5230000000000,20210331
nvl,34,-8600000000000,20210331
nvl,36,-55000000,20210331
nvl,40,1250000000000,20210331
nvl,50,973000000000,20210331
nvl,60,11600000000000,20210331
nvl,61,24300000000,20210331
nvl,70,12600000000000,20210331
nvl,01,1350000000000,20220331
nvl,02,-1000000000000,20220331
nvl,03,-1100000000,20220331
nvl,04,32900000000,20220331
nvl,05,-310000000000,20220331
nvl,06,238000000000,20220331
nvl,08,296000000000,20220331
nvl,09,707000000000,20220331
nvl,10,-290000000000,20220331
nvl,11,798000000000,20220331
nvl,12,-160000000000,20220331
nvl,14,-1700000000000,20220331
nvl,15,-530000000000,20220331
nvl,20,-850000000000,20220331
nvl,21,-110000000000,20220331
nvl,22,1770000000,20220331
nvl,23,-2000000000000,20220331
nvl,24,2740000000000,20220331
nvl,25,-7500000000000,20220331
nvl,26,1290000000000,20220331
nvl,27,26200000000,20220331
nvl,30,-5500000000000,20220331
nvl,31,971000000,20220331
nvl,33,10200000000000,20220331
nvl,34,-3400000000000,20220331
nvl,40,6840000000000,20220331
nvl,50,475000000000,20220331
nvl,60,17200000000000,20220331
nvl,61,20735832,20220331
nvl,70,17700000000000,20220331
nvl,01,-87000000000,20230331
nvl,02,273000000000,20230331
nvl,03,1110000000,20230331
nvl,04,-63000000000,20230331
nvl,05,-190000000000,20230331
nvl,06,175000000000,20230331
nvl,08,108000000000,20230331
nvl,09,-120000000000,20230331
nvl,10,-280000000000,20230331
nvl,11,453000000000,20230331
nvl,12,-53000000000,20230331
nvl,14,-1500000000000,20230331
nvl,15,-8100000000,20230331
nvl,20,-1400000000000,20230331
nvl,21,-3200000000,20230331
nvl,22,3620000000,20230331
nvl,23,-160000000000,20230331
nvl,24,369000000000,20230331
nvl,26,24000000000,20230331
nvl,27,116000000000,20230331
nvl,30,346000000000,20230331
nvl,33,57900000000,20230331
nvl,34,-2200000000000,20230331
nvl,40,-2200000000000,20230331
nvl,50,-3200000000000,20230331
nvl,60,8600000000000,20230331
nvl,61,-745740,20230331
nvl,70,5360000000000,20230331
nvl,01,1330000000000,20190630
nvl,02,-500000000000,20190630
nvl,03,-2000000000,20190630
nvl,04,35000000000,20190630
nvl,05,-210000000000,20190630
nvl,06,638000000000,20190630
nvl,08,1290000000000,20190630
nvl,09,1330000000000,20190630
nvl,10,3050000000000,20190630
nvl,11,-1900000000000,20190630
nvl,12,100000000000,20190630
nvl,14,-1400000000000,20190630
nvl,15,-740000000000,20190630
nvl,20,1690000000000,20190630
nvl,21,-86000000000,20190630
nvl,22,4510000000,20190630
nvl,23,-410000000000,20190630
nvl,24,42700000000,20190630
nvl,25,-6300000000000,20190630
nvl,27,195000000000,20190630
nvl,30,-6600000000000,20190630
nvl,31,1360000000,20190630
nvl,33,5970000000000,20190630
nvl,34,-6100000000000,20190630
nvl,40,-87000000000,20190630
nvl,50,-5000000000000,20190630
nvl,60,12300000000000,20190630
nvl,61,151000000,20190630
nvl,70,7330000000000,20190630
nvl,01,1490000000000,20200630
nvl,02,490000000000,20200630
nvl,03,-610000000,20200630
nvl,04,8660000000,20200630
nvl,05,-2600000000000,20200630
nvl,06,310000000000,20200630
nvl,08,-320000000000,20200630
nvl,09,-430000000000,20200630
nvl,10,-1800000000000,20200630
nvl,11,5060000000000,20200630
nvl,12,49300000000,20200630
nvl,14,-1400000000000,20200630
nvl,15,-180000000000,20200630
nvl,20,997000000000,20200630
nvl,21,-140000000000,20200630
nvl,22,12800000000,20200630
nvl,23,-160000000000,20200630
nvl,24,193000000000,20200630
nvl,25,-9000000000000,20200630
nvl,26,3450000000000,20200630
nvl,27,85100000000,20200630
nvl,30,-5500000000000,20200630
nvl,31,327000000000,20200630
nvl,32,-1500000000,20200630
nvl,33,12000000000000,20200630
nvl,34,-8400000000000,20200630
nvl,40,3930000000000,20200630
nvl,50,-590000000000,20200630
nvl,60,6470000000000,20200630
nvl,61,-930000000,20200630
nvl,70,5880000000000,20200630
nvl,01,2760000000000,20210630
nvl,02,-1200000000000,20210630
nvl,03,-1700000000,20210630
nvl,04,-73000000000,20210630
nvl,05,-1000000000000,20210630
nvl,06,155000000000,20210630
nvl,08,632000000000,20210630
nvl,09,-4800000000000,20210630
nvl,10,-6700000000000,20210630
nvl,11,13900000000000,20210630
nvl,12,-230000000000,20210630
nvl,14,-2200000000000,20210630
nvl,15,-220000000000,20210630
nvl,20,391000000000,20210630
nvl,21,-16000000000,20210630
nvl,22,3977684,20210630
nvl,23,-5700000000000,20210630
nvl,24,4300000000000,20210630
nvl,25,-7500000000000,20210630
nvl,26,2120000000000,20210630
nvl,27,195000000000,20210630
nvl,30,-6600000000000,20210630
nvl,31,4590000000000,20210630
nvl,33,16800000000000,20210630
nvl,34,-15000000000000,20210630
nvl,36,-55000000,20210630
nvl,40,6770000000000,20210630
nvl,50,573000000000,20210630
nvl,60,11600000000000,20210630
nvl,61,-63000000,20210630
nvl,70,12100000000000,20210630
nvl,01,2640000000000,20220630
nvl,02,-760000000000,20220630
nvl,03,2800000000,20220630
nvl,04,294000000000,20220630
nvl,05,-1500000000000,20220630
nvl,06,480000000000,20220630
nvl,08,1190000000000,20220630
nvl,09,-5400000000000,20220630
nvl,10,-3600000000000,20220630
nvl,11,15300000000000,20220630
nvl,12,-360000000000,20220630
nvl,14,-3200000000000,20220630
nvl,15,-570000000000,20220630
nvl,20,3380000000000,20220630
nvl,21,-180000000000,20220630
nvl,22,114000000000,20220630
nvl,23,-3300000000000,20220630
nvl,24,6910000000000,20220630
nvl,25,-16000000000000,20220630
nvl,26,3140000000000,20220630
nvl,27,184000000000,20220630
nvl,30,-9300000000000,20220630
nvl,31,242000000000,20220630
nvl,33,18600000000000,20220630
nvl,34,-13000000000000,20220630
nvl,36,-1041000,20220630
nvl,40,5630000000000,20220630
nvl,50,-240000000000,20220630
nvl,60,17200000000000,20220630
nvl,61,70230063,20220630
nvl,70,17000000000000,20220630
nvl,01,70700000000,20230630
nvl,02,543000000000,20230630
nvl,03,7610000000,20230630
nvl,04,31500000000,20230630
nvl,05,-350000000000,20230630
nvl,06,384000000000,20230630
nvl,08,686000000000,20230630
nvl,09,-540000000000,20230630
nvl,10,-900000000000,20230630
nvl,11,1390000000000,20230630
nvl,12,-230000000000,20230630
nvl,14,-2000000000000,20230630
nvl,15,-33000000000,20230630
nvl,20,-1700000000000,20230630
nvl,21,-2600000000,20230630
nvl,22,29900000000,20230630
nvl,23,-560000000000,20230630
nvl,24,823000000000,20230630
nvl,26,24000000000,20230630
nvl,27,268000000000,20230630
nvl,30,583000000000,20230630
nvl,33,514000000000,20230630
nvl,34,-4000000000000,20230630
nvl,40,-3500000000000,20230630
nvl,50,-4600000000000,20230630
nvl,60,8600000000000,20230630
nvl,61,28169,20230630
nvl,70,4040000000000,20230630
nvl,01,1880000000000,20190930
nvl,02,-490000000000,20190930
nvl,03,-5500000000,20190930
nvl,04,14100000000,20190930
nvl,05,-570000000000,20190930
nvl,06,781000000000,20190930
nvl,08,1620000000000,20190930
nvl,09,2760000000000,20190930
nvl,10,3310000000000,20190930
nvl,11,-650000000000,20190930
nvl,12,116000000000,20190930
nvl,14,-2000000000000,20190930
nvl,15,-840000000000,20190930
nvl,20,4330000000000,20190930
nvl,21,-220000000000,20190930
nvl,22,18100000000,20190930
nvl,23,-550000000000,20190930
nvl,24,181000000000,20190930
nvl,25,-11000000000000,20190930
nvl,26,432000000000,20190930
nvl,27,278000000000,20190930
nvl,30,-11000000000000,20190930
nvl,31,1760000000,20190930
nvl,33,10300000000000,20190930
nvl,34,-12000000000000,20190930
nvl,40,-1500000000000,20190930
nvl,50,-8000000000000,20190930
nvl,60,12300000000000,20190930
nvl,61,87579452,20190930
nvl,70,4300000000000,20190930
nvl,01,3850000000000,20200930
nvl,02,497000000000,20200930
nvl,03,6180000000,20200930
nvl,04,-5300000000,20200930
nvl,05,-5000000000000,20200930
nvl,06,580000000000,20200930
nvl,08,-69000000000,20200930
nvl,09,-7600000000000,20200930
nvl,10,-3800000000000,20200930
nvl,11,19000000000000,20200930
nvl,12,19600000000,20200930
nvl,14,-2300000000000,20200930
nvl,15,-180000000000,20200930
nvl,20,5100000000000,20200930
nvl,21,-160000000000,20200930
nvl,22,26200000000,20200930
nvl,23,-4300000000000,20200930
nvl,24,568000000000,20200930
nvl,25,-11000000000000,20200930
nvl,26,4380000000000,20200930
nvl,27,189000000000,20200930
nvl,30,-11000000000000,20200930
nvl,31,619000000000,20200930
nvl,32,-1500000000,20200930
nvl,33,21300000000000,20200930
nvl,34,-13000000000000,20200930
nvl,36,-49000000000,20200930
nvl,40,8950000000000,20200930
nvl,50,3230000000000,20200930
nvl,60,6470000000000,20200930
nvl,61,-940000000,20200930
nvl,70,9700000000000,20200930
nvl,01,3650000000000,20210930
nvl,02,-990000000000,20210930
nvl,03,7130000000,20210930
nvl,04,-230000000000,20210930
nvl,05,-1600000000000,20210930
nvl,06,323000000000,20210930
nvl,08,1150000000000,20210930
nvl,09,-8900000000000,20210930
nvl,10,-8200000000000,20210930
nvl,11,20400000000000,20210930
nvl,12,-390000000000,20210930
nvl,14,-3500000000000,20210930
nvl,15,-450000000000,20210930
nvl,20,83300000000,20210930
nvl,21,-47000000000,20210930
nvl,22,3977684,20210930
nvl,23,-6900000000000,20210930
nvl,24,5480000000000,20210930
nvl,25,-11000000000000,20210930
nvl,26,3060000000000,20210930
nvl,27,449000000000,20210930
nvl,30,-8500000000000,20210930
nvl,31,4590000000000,20210930
nvl,33,29900000000000,20210930
nvl,34,-22000000000000,20210930
nvl,36,-55000000,20210930
nvl,40,12100000000000,20210930
nvl,50,3660000000000,20210930
nvl,60,11600000000000,20210930
nvl,61,-160000000,20210930
nvl,70,15200000000000,20210930
nvl,01,3380000000000,20220930
nvl,02,-510000000000,20220930
nvl,03,947000000,20220930
nvl,04,715000000000,20220930
nvl,05,-2400000000000,20220930
nvl,06,725000000000,20220930
nvl,08,1910000000000,20220930
nvl,09,-17000000000000,20220930
nvl,10,-8400000000000,20220930
nvl,11,32100000000000,20220930
nvl,12,-790000000000,20220930
nvl,14,-5000000000000,20220930
nvl,15,-590000000000,20220930
nvl,20,1960000000000,20220930
nvl,21,-190000000000,20220930
nvl,22,114000000000,20220930
nvl,23,-7100000000000,20220930
nvl,24,10600000000000,20220930
nvl,25,-19000000000000,20220930
nvl,26,7710000000000,20220930
nvl,27,567000000000,20220930
nvl,30,-7200000000000,20220930
nvl,31,251000000000,20220930
nvl,33,27400000000000,20220930
nvl,34,-19000000000000,20220930
nvl,36,-1029800,20220930
nvl,40,9110000000000,20220930
nvl,50,3920000000000,20220930
nvl,60,17200000000000,20220930
nvl,61,-42000000,20220930
nvl,70,21200000000000,20220930
nvl,01,4270000000000,20191231
nvl,02,-2800000000000,20191231
nvl,03,153000000000,20191231
nvl,04,4190000000,20191231
nvl,05,-970000000000,20191231
nvl,06,1190000000000,20191231
nvl,08,1890000000000,20191231
nvl,09,1260000000000,20191231
nvl,10,2490000000000,20191231
nvl,11,903000000000,20191231
nvl,12,119000000000,20191231
nvl,14,-2600000000000,20191231
nvl,15,-970000000000,20191231
nvl,20,3040000000000,20191231
nvl,21,-380000000000,20191231
nvl,22,11400000000,20191231
nvl,23,-1100000000000,20191231
nvl,24,461000000000,20191231
nvl,25,-14000000000000,20191231
nvl,26,1720000000000,20191231
nvl,27,297000000000,20191231
nvl,30,-13000000000000,20191231
nvl,31,205000000000,20191231
nvl,32,-82000000,20191231
nvl,33,20500000000000,20191231
nvl,34,-16000000000000,20191231
nvl,40,4520000000000,20191231
nvl,50,-5800000000000,20191231
nvl,60,12300000000000,20191231
nvl,61,-1500000000,20191231
nvl,70,6510000000000,20191231
nvl,01,4630000000000,20201231
nvl,02,736000000000,20201231
nvl,03,5500000000,20201231
nvl,04,-28000000000,20201231
nvl,05,-6100000000000,20201231
nvl,06,577000000000,20201231
nvl,08,-170000000000,20201231
nvl,09,-14000000000000,20201231
nvl,10,-14000000000000,20201231
nvl,11,28900000000000,20201231
nvl,12,-220000000000,20201231
nvl,14,-3100000000000,20201231
nvl,15,-320000000000,20201231
nvl,20,-3300000000000,20201231
nvl,21,-200000000000,20201231
nvl,22,27800000000,20201231
nvl,23,-6200000000000,20201231
nvl,24,3180000000000,20201231
nvl,25,-13000000000000,20201231
nvl,26,10700000000000,20201231
nvl,27,288000000000,20201231
nvl,30,-5100000000000,20201231
nvl,31,668000000000,20201231
nvl,32,-1500000000,20201231
nvl,33,30300000000000,20201231
nvl,34,-17000000000000,20201231
nvl,36,-50000000000,20201231
nvl,40,13500000000000,20201231
nvl,50,5090000000000,20201231
nvl,60,6470000000000,20201231
nvl,61,-970000000,20201231
nvl,70,11600000000000,20201231
nvl,01,5090000000000,20211231
nvl,02,-1300000000000,20211231
nvl,03,-6600000000,20211231
nvl,04,-180000000000,20211231
nvl,05,-1800000000000,20211231
nvl,06,588000000000,20211231
nvl,08,2430000000000,20211231
nvl,09,-15000000000000,20211231
nvl,10,-9000000000000,20211231
nvl,11,31900000000000,20211231
nvl,12,-500000000000,20211231
nvl,14,-4500000000000,20211231
nvl,15,-1100000000000,20211231
nvl,20,3840000000000,20211231
nvl,21,-900000000000,20211231
nvl,22,2020000000,20211231
nvl,23,-11000000000000,20211231
nvl,24,8640000000000,20211231
nvl,25,-14000000000000,20211231
nvl,26,3100000000000,20211231
nvl,27,532000000000,20211231
nvl,30,-13000000000000,20211231
nvl,31,4590000000000,20211231
nvl,32,-200000000000,20211231
nvl,33,36000000000000,20211231
nvl,34,-25000000000000,20211231
nvl,36,-470000000,20211231
nvl,40,15000000000000,20211231
nvl,50,5690000000000,20211231
nvl,60,11600000000000,20211231
nvl,61,-170000000,20211231
nvl,70,17200000000000,20211231
nvl,01,4110000000000,20221231
nvl,02,-230000000000,20221231
nvl,03,-1400000000,20221231
nvl,04,492000000000,20221231
nvl,05,-2600000000000,20221231
nvl,06,952000000000,20221231
nvl,08,2710000000000,20221231
nvl,09,-20000000000000,20221231
nvl,10,-10000000000000,20221231
nvl,11,31700000000000,20221231
nvl,12,-790000000000,20221231
nvl,14,-6200000000000,20221231
nvl,15,-690000000000,20221231
nvl,20,-3300000000000,20221231
nvl,21,-210000000000,20221231
nvl,22,115000000000,20221231
nvl,23,-9400000000000,20221231
nvl,24,13900000000000,20221231
nvl,25,-20000000000000,20221231
nvl,26,7710000000000,20221231
nvl,27,508000000000,20221231
nvl,30,-7500000000000,20221231
nvl,31,251000000000,20221231
nvl,33,29900000000000,20221231
nvl,34,-28000000000000,20221231
nvl,36,-1081850,20221231
nvl,40,2070000000000,20221231
nvl,50,-8600000000000,20221231
nvl,60,17200000000000,20221231
nvl,61,-44000000,20221231
nvl,70,8600000000000,20221231
nvl,01,2160000000000,20231231
nvl,02,1110000000000,20231231
nvl,03,206000000000,20231231
nvl,04,552000000000,20231231
nvl,05,-2000000000000,20231231
nvl,06,355000000000,20231231
nvl,08,2350000000000,20231231
nvl,09,16200000000000,20231231
nvl,10,-1500000000000,20231231
nvl,11,-16000000000000,20231231
nvl,12,-170000000000,20231231
nvl,14,-4100000000000,20231231
nvl,15,-420000000000,20231231
nvl,20,-3200000000000,20231231
nvl,21,-13000000000,20231231
nvl,22,89800000000,20231231
nvl,23,-4200000000000,20231231
nvl,24,2240000000000,20231231
nvl,26,3800000000000,20231231
nvl,27,764000000000,20231231
nvl,30,2710000000000,20231231
nvl,32,-15000000,20231231
nvl,33,4870000000000,20231231
nvl,34,-9600000000000,20231231
nvl,36,-25000000,20231231
nvl,40,-4700000000000,20231231
nvl,50,-5200000000000,20231231
nvl,60,8600000000000,20231231
nvl,61,349000000,20231231
nvl,70,3410000000000,20231231
scr,01,86900000000,20190331
scr,02,6000000000,20190331
scr,03,-5700000000,20190331
scr,05,-42000000000,20190331
scr,06,41000000000,20190331
scr,07,-1300000000,20190331
scr,08,48300000000,20190331
scr,09,121000000000,20190331
scr,10,-280000000000,20190331
scr,11,196000000000,20190331
scr,12,-25000000000,20190331
scr,14,-41000000000,20190331
scr,15,-25000000000,20190331
scr,16,10000000000,20190331
scr,20,-440000000,20190331
scr,22,92445273,20190331
scr,23,-270000000000,20190331
scr,24,294000000000,20190331
scr,25,-260000000000,20190331
scr,26,2460000000,20190331
scr,27,42100000000,20190331
scr,30,-190000000000,20190331
scr,33,424000000000,20190331
scr,34,-350000000000,20190331
scr,40,96800000000,20190331
scr,50,-92000000000,20190331
scr,60,158000000000,20190331
scr,70,66600000000,20190331
scr,01,46600000000,20200331
scr,02,11100000000,20200331
scr,05,-42000000000,20200331
scr,06,25900000000,20200331
scr,08,44900000000,20200331
scr,09,-160000000000,20200331
scr,10,-19000000000,20200331
scr,11,-23000000000,20200331
scr,12,303000000,20200331
scr,14,-26000000000,20200331
scr,15,-2700000000,20200331
scr,17,-5100000000,20200331
scr,20,-190000000000,20200331
scr,21,-200000000,20200331
scr,22,94533340,20200331
scr,23,-120000000000,20200331
scr,24,288000000000,20200331
scr,25,-24000000000,20200331
scr,27,41500000000,20200331
scr,30,182000000000,20200331
scr,33,338000000000,20200331
scr,34,-310000000000,20200331
scr,40,24600000000,20200331
scr,50,20400000000,20200331
scr,60,83500000000,20200331
scr,70,102000000000,20200331
scr,01,37800000000,20210331
scr,02,11800000000,20210331
scr,03,-3700000000,20210331
scr,05,-55000000000,20210331
scr,06,34900000000,20210331
scr,08,26300000000,20210331
scr,09,218000000000,20210331
scr,10,-41000000000,20210331
scr,11,-53000000000,20210331
scr,12,-10000000000,20210331
scr,14,-36000000000,20210331
scr,15,-11000000000,20210331
scr,17,-8000000000,20210331
scr,20,85800000000,20210331
scr,21,-1300000000,20210331
scr,22,50000000,20210331
scr,23,-530000000000,20210331
scr,24,378000000000,20210331
scr,25,-32000000000,20210331
scr,27,22300000000,20210331
scr,30,-160000000000,20210331
scr,33,188000000000,20210331
scr,34,-250000000000,20210331
scr,40,-61000000000,20210331
scr,50,-130000000000,20210331
scr,60,208000000000,20210331
scr,70,74800000000,20210331
scr,01,70100000000,20220331
scr,02,11800000000,20220331
scr,03,-460000000,20220331
scr,05,-70000000000,20220331
scr,06,49200000000,20220331
scr,08,62700000000,20220331
scr,09,-90000000000,20220331
scr,10,13600000000,20220331
scr,11,-230000000000,20220331
scr,12,18900000000,20220331
scr,14,-31000000000,20220331
scr,15,-12000000000,20220331
scr,17,-9300000000,20220331
scr,20,-280000000000,20220331
scr,21,-560000000,20220331
scr,23,-190000000000,20220331
scr,24,592000000000,20220331
scr,25,-160000000000,20220331
scr,26,29400000000,20220331
scr,27,13400000000,20220331
scr,30,284000000000,20220331
scr,33,288000000000,20220331
scr,40,128000000000,20220331
scr,50,134000000000,20220331
scr,60,40900000000,20220331
scr,70,175000000000,20220331
scr,01,1330000000,20230331
scr,02,14100000000,20230331
scr,03,-24000000000,20230331
scr,05,-62000000000,20230331
scr,06,76200000000,20230331
scr,08,5250000000,20230331
scr,09,-57000000000,20230331
scr,10,-66000000000,20230331
scr,11,-110000000000,20230331
scr,12,16700000000,20230331
scr,13,2200000000,20230331
scr,14,-69000000000,20230331
scr,15,-11000000000,20230331
scr,17,-190000000,20230331
scr,20,-290000000000,20230331
scr,21,-320000000,20230331
scr,23,-72000000000,20230331
scr,24,118000000000,20230331
scr,27,142000000000,20230331
scr,30,188000000000,20230331
scr,33,311000000000,20230331
scr,34,-260000000000,20230331
scr,35,-320000000,20230331
scr,36,-20000000,20230331
scr,40,47800000000,20230331
scr,50,-57000000000,20230331
scr,60,122000000000,20230331
scr,70,64800000000,20230331
scr,01,153000000000,20190630
scr,02,2940000000,20190630
scr,03,-5700000000,20190630
scr,05,-57000000000,20190630
scr,06,82700000000,20190630
scr,08,175000000000,20190630
scr,09,-31000000000,20190630
scr,10,-300000000000,20190630
scr,11,406000000000,20190630
scr,12,-31000000000,20190630
scr,14,-83000000000,20190630
scr,15,-25000000000,20190630
scr,17,-10000000000,20190630
scr,20,103000000000,20190630
scr,22,6310000000,20190630
scr,23,-440000000000,20190630
scr,24,430000000000,20190630
scr,25,-260000000000,20190630
scr,26,2460000000,20190630
scr,27,57800000000,20190630
scr,30,-200000000000,20190630
scr,31,22400000000,20190630
scr,33,616000000000,20190630
scr,34,-480000000000,20190630
scr,35,-44000000,20190630
scr,36,-1500000000,20190630
scr,40,159000000000,20190630
scr,50,61800000000,20190630
scr,60,158000000000,20190630
scr,70,220000000000,20190630
scr,01,61400000000,20200630
scr,02,21700000000,20200630
scr,05,-2000000000,20200630
scr,06,49600000000,20200630
scr,08,135000000000,20200630
scr,09,-370000000000,20200630
scr,10,-91000000000,20200630
scr,11,44900000000,20200630
scr,12,-58000000000,20200630
scr,14,-50000000000,20200630
scr,15,-2500000000,20200630
scr,17,-7500000000,20200630
scr,20,-400000000000,20200630
scr,21,-410000000,20200630
scr,22,281000000,20200630
scr,23,-180000000000,20200630
scr,24,321000000000,20200630
scr,25,-24000000000,20200630
scr,27,2110000000,20200630
scr,30,122000000000,20200630
scr,33,1040000000000,20200630
scr,34,-780000000000,20200630
scr,40,260000000000,20200630
scr,50,-14000000000,20200630
scr,60,83500000000,20200630
scr,70,70000000000,20200630
scr,01,220000000000,20210630
scr,02,23600000000,20210630
scr,03,-3700000000,20210630
scr,05,-140000000000,20210630
scr,06,84800000000,20210630
scr,08,187000000000,20210630
scr,09,590000000000,20210630
scr,10,342000000000,20210630
scr,11,-400000000000,20210630
scr,12,65100000000,20210630
scr,14,-94000000000,20210630
scr,15,-24000000000,20210630
scr,17,-9400000000,20210630
scr,20,659000000000,20210630
scr,21,-2600000000,20210630
scr,22,50000000,20210630
scr,23,-1200000000000,20210630
scr,24,1010000000000,20210630
scr,25,-32000000000,20210630
scr,26,70900000000,20210630
scr,27,52100000000,20210630
scr,30,-97000000000,20210630
scr,33,397000000000,20210630
scr,34,-980000000000,20210630
scr,40,-580000000000,20210630
scr,50,-22000000000,20210630
scr,60,208000000000,20210630
scr,70,186000000000,20210630
scr,01,156000000000,20220630
scr,02,23700000000,20220630
scr,03,65700000000,20220630
scr,05,-220000000000,20220630
scr,06,101000000000,20220630
scr,08,124000000000,20220630
scr,09,-240000000000,20220630
scr,10,-61000000000,20220630
scr,11,-330000000000,20220630
scr,12,21800000000,20220630
scr,14,-60000000000,20220630
scr,15,-12000000000,20220630
scr,17,-11000000000,20220630
scr,20,-560000000000,20220630
scr,21,-930000000,20220630
scr,23,-180000000000,20220630
scr,24,761000000000,20220630
scr,25,-290000000000,20220630
scr,26,29400000000,20220630
scr,27,16600000000,20220630
scr,30,328000000000,20220630
scr,33,518000000000,20220630
scr,34,-290000000000,20220630
scr,40,233000000000,20220630
scr,50,130000000,20220630
scr,60,40900000000,20220630
scr,70,41100000000,20220630
scr,01,13900000000,20230630
scr,02,28200000000,20230630
scr,03,-11000000000,20230630
scr,05,-170000000000,20230630
scr,06,151000000000,20230630
scr,08,13300000000,20230630
scr,09,-820000000000,20230630
scr,10,-78000000000,20230630
scr,11,-130000000000,20230630
scr,12,10400000000,20230630
scr,13,76500000000,20230630
scr,14,-240000000000,20230630
scr,15,-17000000000,20230630
scr,17,-280000000,20230630
scr,20,-1200000000000,20230630
scr,21,-920000000,20230630
scr,23,-210000000000,20230630
scr,24,270000000000,20230630
scr,26,73900000000,20230630
scr,27,235000000000,20230630
scr,30,367000000000,20230630
scr,33,1380000000000,20230630
scr,34,-560000000000,20230630
scr,35,-640000000,20230630
scr,36,-430000000,20230630
scr,40,817000000000,20230630
scr,50,1740000000,20230630
scr,60,122000000000,20230630
scr,70,124000000000,20230630
scr,01,322000000000,20190930
scr,02,22600000000,20190930
scr,03,-5700000000,20190930
scr,05,-130000000000,20190930
scr,06,115000000000,20190930
scr,08,214000000000,20190930
scr,09,259000000000,20190930
scr,10,-120000000000,20190930
scr,11,-92000000000,20190930
scr,12,-16000000000,20190930
scr,14,-120000000000,20190930
scr,15,-25000000000,20190930
scr,17,-11000000000,20190930
scr,21,-12000000000,20190930
scr,22,6600000000,20190930
scr,23,-1100000000000,20190930
scr,24,1050000000000,20190930
scr,25,-290000000000,20190930
scr,26,427000000000,20190930
scr,27,111000000000,20190930
scr,30,-18000000000,20190930
scr,33,1630000000000,20190930
scr,34,-1800000000000,20190930
scr,35,-110000000,20190930
scr,36,-1500000000,20190930
scr,40,-170000000000,20190930
scr,50,-92000000000,20190930
scr,60,158000000000,20190930
scr,70,66300000000,20190930
scr,01,82500000000,20200930
scr,02,32700000000,20200930
scr,05,-120000000000,20200930
scr,06,77000000000,20200930
scr,08,79100000000,20200930
scr,09,-270000000000,20200930
scr,10,-200000000000,20200930
scr,11,247000000000,20200930
scr,12,-52000000000,20200930
scr,14,-59000000000,20200930
scr,15,-2500000000,20200930
scr,17,-7600000000,20200930
scr,20,-260000000000,20200930
scr,21,-2500000000,20200930
scr,22,281000000,20200930
scr,23,-940000000000,20200930
scr,24,925000000000,20200930
scr,25,-340000000000,20200930
scr,26,49000000000,20200930
scr,27,22200000000,20200930
scr,30,-290000000000,20200930
scr,33,1840000000000,20200930
scr,34,-1200000000000,20200930
scr,40,648000000000,20200930
scr,50,99200000000,20200930
scr,60,83500000000,20200930
scr,70,183000000000,20200930
scr,01,233000000000,20210930
scr,02,35500000000,20210930
scr,03,-3700000000,20210930
scr,05,-180000000000,20210930
scr,06,133000000000,20210930
scr,08,220000000000,20210930
scr,09,620000000000,20210930
scr,10,419000000000,20210930
scr,11,-510000000000,20210930
scr,12,64000000000,20210930
scr,14,-91000000000,20210930
scr,15,-24000000000,20210930
scr,17,-11000000000,20210930
scr,20,690000000000,20210930
scr,21,-2600000000,20210930
scr,22,50000000,20210930
scr,23,-1600000000000,20210930
scr,24,1360000000000,20210930
scr,25,-38000000000,20210930
scr,26,70900000000,20210930
scr,27,111000000000,20210930
scr,30,-120000000000,20210930
scr,33,56800000000,20210930
scr,34,-1200000000000,20210930
scr,40,-650000000000,20210930
scr,50,-83000000000,20210930
scr,60,208000000000,20210930
scr,70,126000000000,20210930
scr,01,184000000000,20220930
scr,02,35600000000,20220930
scr,03,34800000000,20220930
scr,05,-380000000000,20220930
scr,06,164000000000,20220930
scr,08,42400000000,20220930
scr,09,-29000000000,20220930
scr,10,-56000000000,20220930
scr,11,-380000000000,20220930
scr,12,13600000000,20220930
scr,14,-200000000000,20220930
scr,15,-18000000000,20220930
scr,17,-9100000000,20220930
scr,20,-640000000000,20220930
scr,21,-2300000000,20220930
scr,23,-580000000000,20220930
scr,24,1060000000000,20220930
scr,25,-330000000000,20220930
scr,26,67900000000,20220930
scr,27,190000000000,20220930
scr,30,405000000000,20220930
scr,33,792000000000,20220930
scr,34,-510000000000,20220930
scr,35,-800000000,20220930
scr,40,282000000000,20220930
scr,50,49800000000,20220930
scr,60,40900000000,20220930
scr,70,90800000000,20220930
scr,01,347000000000,20191231
scr,02,34800000000,20191231
scr,03,-92000000000,20191231
scr,05,-150000000000,20191231
scr,06,142000000000,20191231
scr,08,252000000000,20191231
scr,09,-220000000000,20191231
scr,10,-110000000000,20191231
scr,11,-160000000000,20191231
scr,12,-77000000000,20191231
scr,14,-140000000000,20191231
scr,15,-25000000000,20191231
scr,17,-11000000000,20191231
scr,20,-490000000000,20191231
scr,21,10300000000,20191231
scr,22,6600000000,20191231
scr,23,-1100000000000,20191231
scr,24,1230000000000,20191231
scr,25,-390000000000,20191231
scr,26,863000000000,20191231
scr,27,152000000000,20191231
scr,30,567000000000,20191231
scr,33,2140000000000,20191231
scr,34,-2300000000000,20191231
scr,35,-110000000,20191231
scr,36,-1500000000,20191231
scr,40,-150000000000,20191231
scr,50,-75000000000,20191231
scr,60,158000000000,20191231
scr,70,83500000000,20191231
scr,01,205000000000,20201231
scr,02,44100000000,20201231
scr,03,5720000000,20201231
scr,05,-180000000000,20201231
scr,06,234000000000,20201231
scr,08,321000000000,20201231
scr,09,7390000000,20201231
scr,10,751000000000,20201231
scr,11,-170000000000,20201231
scr,12,-36000000000,20201231
scr,14,-240000000000,20201231
scr,15,-21000000000,20201231
scr,17,-10000000000,20201231
scr,20,607000000000,20201231
scr,21,-3100000000,20201231
scr,22,281000000,20201231
scr,23,-2100000000000,20201231
scr,24,2000000000000,20201231
scr,25,-1300000000000,20201231
scr,26,351000000000,20201231
scr,27,75500000000,20201231
scr,30,-1000000000000,20201231
scr,33,2760000000000,20201231
scr,34,-2200000000000,20201231
scr,36,-390000000,20201231
scr,40,527000000000,20201231
scr,50,125000000000,20201231
scr,60,83500000000,20201231
scr,70,208000000000,20201231
scr,01,242000000000,20211231
scr,02,47300000000,20211231
scr,03,-1700000000,20211231
scr,05,-260000000000,20211231
scr,06,214000000000,20211231
scr,08,230000000000,20211231
scr,09,914000000000,20211231
scr,10,514000000000,20211231
scr,11,-610000000000,20211231
scr,12,80100000000,20211231
scr,14,-170000000000,20211231
scr,15,-29000000000,20211231
scr,17,-14000000000,20211231
scr,20,917000000000,20211231
scr,21,-4700000000,20211231
scr,22,50000000,20211231
scr,23,-5000000000000,20211231
scr,24,5150000000000,20211231
scr,25,-230000000000,20211231
scr,26,74600000000,20211231
scr,27,137000000000,20211231
scr,30,137000000000,20211231
scr,33,915000000000,20211231
scr,34,-2100000000000,20211231
scr,40,-1200000000000,20211231
scr,50,-170000000000,20211231
scr,60,208000000000,20211231
scr,70,40900000000,20211231
scr,01,78900000000,20221231
scr,02,50000000000,20221231
scr,03,24100000000,20221231
scr,05,-420000000000,20221231
scr,06,311000000000,20221231
scr,08,43800000000,20221231
scr,09,499000000000,20221231
scr,10,28900000000,20221231
scr,11,-490000000000,20221231
scr,12,-6600000000,20221231
scr,13,-77000000000,20221231
scr,14,-300000000000,20221231
scr,15,-18000000000,20221231
scr,17,-11000000000,20221231
scr,20,-320000000000,20221231
scr,21,-320000000000,20221231
scr,23,-780000000000,20221231
scr,24,1300000000000,20221231
scr,25,-160000000000,20221231
scr,26,7790000000,20221231
scr,27,13300000000,20221231
scr,30,63200000000,20221231
scr,33,1250000000000,20221231
scr,34,-910000000000,20221231
scr,35,-1100000000,20221231
scr,40,340000000000,20221231
scr,50,80800000000,20221231
scr,60,40900000000,20221231
scr,70,122000000000,20221231
scr,01,16400000000,20231231
scr,02,56300000000,20231231
scr,03,-3900000000,20231231
scr,05,-340000000000,20231231
scr,06,305000000000,20231231
scr,08,33200000000,20231231
scr,09,-480000000000,20231231
scr,10,-890000000000,20231231
scr,11,47900000000,20231231
scr,12,13000000000,20231231
scr,13,76500000000,20231231
scr,14,-360000000000,20231231
scr,15,-20000000000,20231231
scr,17,-660000000,20231231
scr,20,-1600000000000,20231231
scr,21,-2000000000,20231231
scr,23,-620000000000,20231231
scr,24,766000000000,20231231
scr,25,-140000000000,20231231
scr,26,219000000000,20231231
scr,27,281000000000,20231231
scr,30,495000000000,20231231
scr,33,2260000000000,20231231
scr,34,-1200000000000,20231231
scr,35,-1300000000,20231231
scr,36,-520000000,20231231
scr,40,1080000000000,20231231
scr,50,-6900000000,20231231
scr,60,122000000000,20231231
scr,70,115000000000,20231231
vic,01,1930000000000,20190331
vic,02,1480000000000,20190331
vic,03,-330000000000,20190331
vic,04,1370000000,20190331
vic,05,-3300000000000,20190331
vic,06,1430000000000,20190331
vic,08,1240000000000,20190331
vic,09,-700000000000,20190331
vic,10,350000000000,20190331
vic,11,9960000000000,20190331
vic,12,73200000000,20190331
vic,14,-1600000000000,20190331
vic,15,-2700000000000,20190331
vic,20,6610000000000,20190331
vic,21,-19000000000000,20190331
vic,22,74900000000,20190331
vic,23,-2000000000000,20190331
vic,24,1970000000000,20190331
vic,25,-11000000000000,20190331
vic,26,6100000000000,20190331
vic,27,46400000000,20190331
vic,30,-24000000000000,20190331
vic,31,614000000000,20190331
vic,33,14600000000000,20190331
vic,34,-4200000000000,20190331
vic,40,10900000000000,20190331
vic,50,-6100000000000,20190331
vic,60,13600000000000,20190331
vic,70,7440000000000,20190331
vic,01,3430000000000,20200331
vic,02,2530000000000,20200331
vic,03,69000000000,20200331
vic,04,768000000000,20200331
vic,05,-8000000000000,20200331
vic,06,2750000000000,20200331
vic,07,1520000000000,20200331
vic,09,1040000000000,20200331
vic,10,-3900000000000,20200331
vic,11,-3000000000000,20200331
vic,12,-1900000000000,20200331
vic,14,-2100000000000,20200331
vic,15,-2700000000000,20200331
vic,20,-10000000000000,20200331
vic,21,-11000000000000,20200331
vic,22,268000000000,20200331
vic,23,-52000000000,20200331
vic,24,5990000000000,20200331
vic,25,-4700000000000,20200331
vic,26,2770000000000,20200331
vic,27,23300000000,20200331
vic,30,-7000000000000,20200331
vic,31,1030000000000,20200331
vic,33,10300000000000,20200331
vic,34,-1600000000000,20200331
vic,36,-7200000000,20200331
vic,40,9670000000000,20200331
vic,50,-7400000000000,20200331
vic,60,18400000000000,20200331
vic,70,11000000000000,20200331
vic,01,2790000000000,20210331
vic,02,2930000000000,20210331
vic,03,134000000000,20210331
vic,04,-130000000000,20210331
vic,05,-2600000000000,20210331
vic,06,2710000000000,20210331
vic,08,5860000000000,20210331
vic,09,-5900000000000,20210331
vic,10,-190000000000,20210331
vic,11,-9700000000000,20210331
vic,12,847000000000,20210331
vic,14,-2400000000000,20210331
vic,15,-4700000000000,20210331
vic,20,-13000000000000,20210331
vic,21,-7000000000000,20210331
vic,22,23500000000,20210331
vic,23,-1700000000000,20210331
vic,24,3350000000000,20210331
vic,25,-60000000000,20210331
vic,27,122000000000,20210331
vic,30,-5300000000000,20210331
vic,31,2540000000000,20210331
vic,32,-3800000000,20210331
vic,33,15800000000000,20210331
vic,34,-6800000000000,20210331
vic,40,11600000000000,20210331
vic,50,-6400000000000,20210331
vic,60,29400000000000,20210331
vic,70,23000000000000,20210331
vic,01,1930000000000,20220331
vic,02,5280000000000,20220331
vic,03,78700000000,20220331
vic,04,167000000000,20220331
vic,05,-11000000000000,20220331
vic,06,2370000000000,20220331
vic,09,-4700000000000,20220331
vic,10,1910000000000,20220331
vic,11,2010000000000,20220331
vic,12,-110000000000,20220331
vic,14,-1600000000000,20220331
vic,15,-3000000000000,20220331
vic,20,-1800000000000,20220331
vic,21,-18000000000000,20220331
vic,22,293000000000,20220331
vic,23,-500000000000,20220331
vic,24,491000000000,20220331
vic,25,-7000000000000,20220331
vic,26,12600000000000,20220331
vic,27,1130000000000,20220331
vic,30,-11000000000000,20220331
vic,33,12600000000000,20220331
vic,34,-2600000000000,20220331
vic,40,10100000000000,20220331
vic,50,-3100000000000,20220331
vic,60,18400000000000,20220331
vic,70,15200000000000,20220331
vic,01,4260000000000,20230331
vic,02,3460000000000,20230331
vic,03,2470000000000,20230331
vic,04,-330000000000,20230331
vic,05,-9200000000000,20230331
vic,06,3330000000000,20230331
vic,08,4030000000000,20230331
vic,09,-7100000000000,20230331
vic,10,-6800000000000,20230331
vic,11,2250000000000,20230331
vic,12,914000000000,20230331
vic,13,-200000000000,20230331
vic,14,-3000000000000,20230331
vic,15,-42000000000,20230331
vic,20,-10000000000000,20230331
vic,21,-15000000000000,20230331
vic,22,22700000000,20230331
vic,23,-1200000000000,20230331
vic,24,1060000000000,20230331
vic,25,-880000000000,20230331
vic,26,6110000000000,20230331
vic,27,10600000000,20230331
vic,30,-9600000000000,20230331
vic,31,102000000000,20230331
vic,33,16500000000000,20230331
vic,34,-5800000000000,20230331
vic,40,10800000000000,20230331
vic,50,-8800000000000,20230331
vic,60,26200000000000,20230331
vic,70,17400000000000,20230331
vic,01,6820000000000,20190630
vic,02,3150000000000,20190630
vic,03,240000000000,20190630
vic,04,166000000000,20190630
vic,05,-4000000000000,20190630
vic,06,3030000000000,20190630
vic,08,9420000000000,20190630
vic,09,-57000000000,20190630
vic,10,7430000000000,20190630
vic,11,12600000000000,20190630
vic,12,-1600000000000,20190630
vic,14,-3200000000000,20190630
vic,15,-4000000000000,20190630
vic,20,20600000000000,20190630
vic,21,-35000000000000,20190630
vic,22,266000000000,20190630
vic,23,-2300000000000,20190630
vic,24,4050000000000,20190630
vic,25,-24000000000000,20190630
vic,26,13900000000000,20190630
vic,27,75000000000,20190630
vic,30,-43000000000000,20190630
vic,31,23400000000000,20190630
vic,33,22500000000000,20190630
vic,34,-13000000000000,20190630
vic,36,-920000000000,20190630
vic,40,32200000000000,20190630
vic,50,9990000000000,20190630
vic,60,13600000000000,20190630
vic,70,23500000000000,20190630
vic,01,6080000000000,20200630
vic,02,5080000000000,20200630
vic,03,-260000000000,20200630
vic,04,324000000000,20200630
vic,05,-14000000000000,20200630
vic,06,5720000000000,20200630
vic,08,3030000000000,20200630
vic,09,109000000000,20200630
vic,10,-3300000000000,20200630
vic,11,-920000000000,20200630
vic,12,-1000000000000,20200630
vic,14,-4800000000000,20200630
vic,15,-2900000000000,20200630
vic,20,-8500000000000,20200630
vic,21,-14000000000000,20200630
vic,22,327000000000,20200630
vic,23,-280000000000,20200630
vic,24,7820000000000,20200630
vic,25,-8600000000000,20200630
vic,26,13800000000000,20200630
vic,27,43100000000,20200630
vic,30,-920000000000,20200630
vic,31,1980000000000,20200630
vic,33,30600000000000,20200630
vic,34,-14000000000000,20200630
vic,36,-7200000000,20200630
vic,40,18200000000000,20200630
vic,50,8740000000000,20200630
vic,60,18400000000000,20200630
vic,70,27200000000000,20200630
vic,01,6400000000000,20210630
vic,02,7120000000000,20210630
vic,04,-160000000000,20210630
vic,05,-3000000000000,20210630
vic,06,5460000000000,20210630
vic,07,16700000000000,20210630
vic,09,-6500000000000,20210630
vic,10,4940000000000,20210630
vic,11,-18000000000000,20210630
vic,12,1700000000000,20210630
vic,14,-4500000000000,20210630
vic,15,-4700000000000,20210630
vic,20,-4800000000000,20210630
vic,21,-12000000000000,20210630
vic,22,-82000000000,20210630
vic,23,-10000000000000,20210630
vic,24,5160000000000,20210630
vic,25,-190000000000,20210630
vic,26,458000000000,20210630
vic,27,490000000000,20210630
vic,30,-16000000000000,20210630
vic,31,2560000000000,20210630
vic,32,-3800000000,20210630
vic,33,30400000000000,20210630
vic,34,-17000000000000,20210630
vic,36,-95000000000,20210630
vic,40,15800000000000,20210630
vic,50,-4900000000000,20210630
vic,60,29400000000000,20210630
vic,70,24500000000000,20210630
vic,01,3330000000000,20220630
vic,02,11400000000000,20220630
vic,03,2570000000000,20220630
vic,04,1180000000000,20220630
vic,05,-25000000000000,20220630
vic,06,5150000000000,20220630
vic,08,-1600000000000,20220630
vic,09,-29000000000000,20220630
vic,10,-16000000000000,20220630
vic,11,77100000000000,20220630
vic,12,-1500000000000,20220630
vic,14,-4500000000000,20220630
vic,15,-3900000000000,20220630
vic,20,21400000000000,20220630
vic,21,-34000000000000,20220630
vic,22,277000000000,20220630
vic,23,-1600000000000,20220630
vic,24,3080000000000,20220630
vic,25,-17000000000000,20220630
vic,26,25500000000000,20220630
vic,27,2520000000000,20220630
vic,30,-21000000000000,20220630
vic,31,6370000000,20220630
vic,33,35400000000000,20220630
vic,34,-8900000000000,20220630
vic,36,-2700000000000,20220630
vic,40,23800000000000,20220630
vic,50,23900000000000,20220630
vic,60,18400000000000,20220630
vic,70,42200000000000,20220630
vic,01,7940000000000,20230630
vic,02,7690000000000,20230630
vic,03,2060000000000,20230630
vic,04,193000000000,20230630
vic,05,-13000000000000,20230630
vic,06,6900000000000,20230630
vic,08,12100000000000,20230630
vic,09,-18000000000000,20230630
vic,10,2180000000000,20230630
vic,11,4360000000000,20230630
vic,12,802000000000,20230630
vic,13,2000000000000,20230630
vic,14,-6100000000000,20230630
vic,15,-1500000000000,20230630
vic,20,-4500000000000,20230630
vic,21,-34000000000000,20230630
vic,22,161000000000,20230630
vic,23,-8600000000000,20230630
vic,24,8700000000000,20230630
vic,25,-2600000000000,20230630
vic,26,18600000000000,20230630
vic,27,393000000000,20230630
vic,30,-18000000000000,20230630
vic,31,1240000000000,20230630
vic,33,39000000000000,20230630
vic,34,-26000000000000,20230630
vic,40,14400000000000,20230630
vic,50,-7800000000000,20230630
vic,60,26200000000000,20230630
vic,70,18400000000000,20230630
vic,01,9380000000000,20190930
vic,02,5660000000000,20190930
vic,03,337000000000,20190930
vic,04,-27000000000,20190930
vic,05,-4300000000000,20190930
vic,06,5380000000000,20190930
vic,08,16500000000000,20190930
vic,09,-3900000000000,20190930
vic,10,-6100000000000,20190930
vic,11,10300000000000,20190930
vic,12,-960000000000,20190930
vic,14,-4300000000000,20190930
vic,15,-7000000000000,20190930
vic,20,4490000000000,20190930
vic,21,-44000000000000,20190930
vic,22,381000000000,20190930
vic,23,-3800000000000,20190930
vic,24,29300000000000,20190930
vic,25,-48000000000000,20190930
vic,26,31500000000000,20190930
vic,27,441000000000,20190930
vic,30,-34000000000000,20190930
vic,31,24200000000000,20190930
vic,32,-3200000000000,20190930
vic,33,29800000000000,20190930
vic,34,-16000000000000,20190930
vic,36,-2200000000000,20190930
vic,40,32700000000000,20190930
vic,50,2970000000000,20190930
vic,60,13600000000000,20190930
vic,70,16500000000000,20190930
vic,01,9730000000000,20200930
vic,02,7340000000000,20200930
vic,03,675000000000,20200930
vic,04,171000000000,20200930
vic,05,-13000000000000,20200930
vic,06,8700000000000,20200930
vic,08,13800000000000,20200930
vic,09,-2000000000000,20200930
vic,10,7860000000000,20200930
vic,11,-2000000000000,20200930
vic,12,-440000000000,20200930
vic,14,-7400000000000,20200930
vic,15,-6200000000000,20200930
vic,20,5890000000000,20200930
vic,21,-20000000000000,20200930
vic,22,1170000000000,20200930
vic,23,-3900000000000,20200930
vic,24,8720000000000,20200930
vic,25,-17000000000000,20200930
vic,26,17500000000000,20200930
vic,27,536000000000,20200930
vic,30,-13000000000000,20200930
vic,31,2390000000000,20200930
vic,32,-43000000000,20200930
vic,33,40800000000000,20200930
vic,34,-25000000000000,20200930
vic,36,-7200000000,20200930
vic,40,18500000000000,20200930
vic,50,11800000000000,20200930
vic,60,18400000000000,20200930
vic,70,30300000000000,20200930
vic,01,9710000000000,20210930
vic,02,10600000000000,20210930
vic,03,1490000000000,20210930
vic,04,-750000000000,20210930
vic,05,-4000000000000,20210930
vic,06,8020000000000,20210930
vic,08,25100000000000,20210930
vic,09,-20000000000000,20210930
vic,10,5260000000000,20210930
vic,11,-20000000000000,20210930
vic,12,2320000000000,20210930
vic,14,-7400000000000,20210930
vic,15,-6100000000000,20210930
vic,20,-19000000000000,20210930
vic,21,-32000000000000,20210930
vic,22,80800000000,20210930
vic,23,-8700000000000,20210930
vic,24,8500000000000,20210930
vic,25,-730000000000,20210930
vic,26,20700000000000,20210930
vic,27,689000000000,20210930
vic,30,-11000000000000,20210930
vic,31,8910000000000,20210930
vic,32,-3800000000,20210930
vic,33,51200000000000,20210930
vic,34,-37000000000000,20210930
vic,36,-1600000000000,20210930
vic,40,21400000000000,20210930
vic,50,-8100000000000,20210930
vic,60,29400000000000,20210930
vic,70,21300000000000,20210930
vic,01,8740000000000,20220930
vic,02,17100000000000,20220930
vic,03,4210000000000,20220930
vic,04,3060000000000,20220930
vic,05,-35000000000000,20220930
vic,06,8100000000000,20220930
vic,08,6520000000000,20220930
vic,09,-49000000000000,20220930
vic,10,-37000000000000,20220930
vic,11,89000000000000,20220930
vic,12,-2500000000000,20220930
vic,14,-7200000000000,20220930
vic,15,-4200000000000,20220930
vic,20,1070000000000,20220930
vic,21,-63000000000000,20220930
vic,22,3110000000000,20220930
vic,23,-3900000000000,20220930
vic,24,4020000000000,20220930
vic,25,-8400000000000,20220930
vic,26,35600000000000,20220930
vic,27,3410000000000,20220930
vic,30,-29000000000000,20220930
vic,31,43300000000,20220930
vic,33,56100000000000,20220930
vic,34,-17000000000000,20220930
vic,36,-2700000000000,20220930
vic,40,36400000000000,20220930
vic,50,8100000000000,20220930
vic,60,18400000000000,20220930
vic,70,26400000000000,20220930
vic,01,15600000000000,20191231
vic,02,8780000000000,20191231
vic,03,1750000000000,20191231
vic,04,5380000000,20191231
vic,05,-13000000000000,20191231
vic,06,7520000000000,20191231
vic,08,20900000000000,20191231
vic,09,-14000000000000,20191231
vic,10,-16000000000000,20191231
vic,11,39700000000000,20191231
vic,12,-4800000000000,20191231
vic,14,-5900000000000,20191231
vic,15,-8100000000000,20191231
vic,20,12600000000000,20191231
vic,21,-60000000000000,20191231
vic,22,367000000000,20191231
vic,23,-16000000000000,20191231
vic,24,38100000000000,20191231
vic,25,-67000000000000,20191231
vic,26,39500000000000,20191231
vic,27,623000000000,20191231
vic,30,-65000000000000,20191231
vic,31,24200000000000,20191231
vic,32,-3200000000000,20191231
vic,33,66900000000000,20191231
vic,34,-28000000000000,20191231
vic,36,-2200000000000,20191231
vic,40,57600000000000,20191231
vic,50,4930000000000,20191231
vic,60,13600000000000,20191231
vic,70,18500000000000,20191231
vic,01,14000000000000,20201231
vic,02,10200000000000,20201231
vic,03,-190000000000,20201231
vic,04,-410000000000,20201231
vic,05,-21000000000000,20201231
vic,06,11400000000000,20201231
vic,08,13500000000000,20201231
vic,09,6740000000000,20201231
vic,10,20000000000000,20201231
vic,11,-5600000000000,20201231
vic,12,-1200000000000,20201231
vic,14,-10000000000000,20201231
vic,15,-9400000000000,20201231
vic,20,17600000000000,20201231
vic,21,-27000000000000,20201231
vic,22,1480000000000,20201231
vic,23,-7100000000000,20201231
vic,24,12400000000000,20201231
vic,25,-22000000000000,20201231
vic,26,25100000000000,20201231
vic,27,690000000000,20201231
vic,30,-17000000000000,20201231
vic,31,8970000000000,20201231
vic,32,-43000000000,20201231
vic,33,47000000000000,20201231
vic,34,-47000000000000,20201231
vic,36,-7200000000,20201231
vic,40,9020000000000,20201231
vic,50,9730000000000,20201231
vic,60,18400000000000,20201231
vic,70,28200000000000,20201231
vic,01,3350000000000,20211231
vic,02,15400000000000,20211231
vic,03,1210000000000,20211231
vic,04,-370000000000,20211231
vic,05,-7200000000000,20211231
vic,06,10600000000000,20211231
vic,08,22900000000000,20211231
vic,09,-12000000000000,20211231
vic,10,10400000000000,20211231
vic,11,-16000000000000,20211231
vic,12,3460000000000,20211231
vic,14,-9200000000000,20211231
vic,15,-11000000000000,20211231
vic,20,-8600000000000,20211231
vic,21,-41000000000000,20211231
vic,22,226000000000,20211231
vic,23,-12000000000000,20211231
vic,24,12500000000000,20211231
vic,25,-4800000000000,20211231
vic,26,23300000000000,20211231
vic,27,777000000000,20211231
vic,30,-21000000000000,20211231
vic,31,13900000000000,20211231
vic,32,-4300000000,20211231
vic,33,75400000000000,20211231
vic,34,-68000000000000,20211231
vic,36,-1700000000000,20211231
vic,40,19500000000000,20211231
vic,50,-9800000000000,20211231
vic,60,29400000000000,20211231
vic,70,19700000000000,20211231
vic,01,12700000000000,20221231
vic,02,21300000000000,20221231
vic,03,3620000000000,20221231
vic,04,1830000000000,20221231
vic,05,-36000000000000,20221231
vic,06,11100000000000,20221231
vic,08,14100000000000,20221231
vic,09,-48000000000000,20221231
vic,10,-49000000000000,20221231
vic,11,98500000000000,20221231
vic,12,-3800000000000,20221231
vic,13,2560000000000,20221231
vic,14,-10000000000000,20221231
vic,15,-4500000000000,20221231
vic,20,101000000000,20221231
vic,21,-80000000000000,20221231
vic,22,2960000000000,20221231
vic,23,-5600000000000,20221231
vic,24,11400000000000,20221231
vic,25,-12000000000000,20221231
vic,26,54800000000000,20221231
vic,27,7180000000000,20221231
vic,30,-20000000000000,20221231
vic,31,219000000000,20221231
vic,33,74300000000000,20221231
vic,34,-43000000000000,20221231
vic,36,-3400000000000,20221231
vic,40,28200000000000,20221231
vic,50,7860000000000,20221231
vic,60,18400000000000,20221231
vic,70,26200000000000,20221231
vic,01,13700000000000,20231231
vic,02,17100000000000,20231231
vic,03,7550000000000,20231231
vic,04,2780000000000,20231231
vic,05,-18000000000000,20231231
vic,06,17400000000000,20231231
vic,08,40900000000000,20231231
vic,09,-47000000000000,20231231
vic,10,-13000000000000,20231231
vic,11,29000000000000,20231231
vic,12,194000000000,20231231
vic,13,2350000000000,20231231
vic,14,-14000000000000,20231231
vic,15,-7300000000000,20231231
vic,20,-8400000000000,20231231
vic,21,-59000000000000,20231231
vic,22,800000000000,20231231
vic,23,-13000000000000,20231231
vic,24,12900000000000,20231231
vic,25,-26000000000000,20231231
vic,26,44500000000000,20231231
vic,27,1300000000000,20231231
vic,30,-38000000000000,20231231
vic,31,10800000000000,20231231
vic,33,119000000000000,20231231
vic,34,-80000000000000,20231231
vic,36,-61000000000,20231231
vic,40,49800000000000,20231231
vic,50,3080000000000,20231231
vic,60,26200000000000,20231231
vic,70,29300000000000,20231231